entry_date,code,entry_mom%,exit_date,hold_days,return%
2022-07-01,561800,21.96,2022-07-04,3,1.96
2022-07-04,159892,22.18,2022-07-06,2,0.52
2022-07-06,561910,16.5,2022-07-07,1,4.81
2022-07-07,159796,25.1,2022-07-11,4,-6.19
2022-07-11,159892,16.84,2022-07-12,1,-2.35
2022-07-12,513200,14.02,2022-07-13,1,0.47
2022-07-13,159864,14.55,2022-07-14,1,3.55
2022-07-14,159892,18.58,2022-07-15,1,-3.32
2022-07-15,513200,12.56,2022-07-19,4,-0.88
2022-07-19,516180,9.75,2022-07-20,1,-0.19
2022-07-20,512670,13.85,2022-07-21,1,-1.94
2022-07-21,513200,8.24,2022-07-22,1,-0.56
2022-07-22,513300,6.14,2022-07-25,3,-1.26
2022-07-25,513000,2.89,2022-07-26,1,-0.34
2022-07-26,513300,2.73,2022-07-27,1,-0.14
2022-07-27,159864,8.26,2022-07-28,1,0.04
2022-07-28,513300,8.18,2022-08-02,5,2.19
2022-08-02,159845,181.74,2022-08-30,28,-0.24
2022-08-30,513360,13.96,2022-09-01,2,-3.83
2022-09-01,159930,14.21,2022-09-05,4,4.74
2022-09-05,512100,160.87,2022-09-14,9,0.54
2022-09-14,560010,165.63,2022-10-19,35,-5.36
2022-10-19,159797,7.83,2022-10-21,2,0.80
2022-10-21,159898,12.64,2022-10-24,3,-2.32
2022-10-24,159797,12.41,2022-10-25,1,-3.28
2022-10-25,159898,9.67,2022-10-26,1,3.83
2022-10-26,512290,16.97,2022-10-27,1,-0.53
2022-10-27,562390,18.54,2022-10-28,1,-3.79
2022-10-28,512290,17.08,2022-10-31,3,-0.13
2022-10-31,159633,111.78,2022-11-14,14,4.77
2022-11-14,159629,117.84,2022-12-12,28,0.91
2022-12-12,159605,21.64,2022-12-13,1,-0.05
2022-12-13,159792,14.91,2022-12-15,2,-3.33
2022-12-15,512690,14.08,2022-12-16,1,0.42
2022-12-16,159766,15.66,2022-12-20,4,-4.41
2022-12-20,562510,15.86,2022-12-21,1,1.76
2022-12-21,513360,20.13,2023-01-03,13,-3.69
2023-01-03,159985,9.27,2023-01-04,1,-2.08
2023-01-04,513360,13.84,2023-01-05,1,-0.96
2023-01-05,513120,13.89,2023-01-06,1,-0.82
2023-01-06,513360,11.52,2023-01-16,10,4.66
2023-01-16,513120,16.56,2023-01-19,3,-2.12
2023-01-19,159748,20.8,2023-01-30,11,-1.76
2023-01-30,159857,20.61,2023-01-31,1,1.14
2023-01-31,516000,15.87,2023-02-01,1,1.95
2023-02-01,515400,18.33,2023-02-02,1,-0.74
2023-02-02,159852,18.7,2023-02-03,1,1.53
2023-02-03,516860,19.79,2023-02-06,3,0.75
2023-02-06,516630,19.57,2023-02-07,1,-0.26
2023-02-07,159869,17.16,2023-02-08,1,-2.34
2023-02-08,562500,15.57,2023-02-09,1,1.43
2023-02-09,159770,16.02,2023-02-10,1,-0.64
2023-02-10,562500,15.37,2023-02-13,3,0.68
2023-02-13,510100,21.46,2023-02-15,2,-0.48
2023-02-15,516510,20.55,2023-02-16,1,-1.45
2023-02-16,510100,19.62,2023-03-01,13,0.90
2023-03-01,159845,35.32,2023-03-29,28,-2.62
2023-03-29,159869,20.06,2023-03-30,1,-0.23
2023-03-30,588290,17.92,2023-03-31,1,1.12
2023-03-31,159869,27.66,2023-04-20,20,15.68
2023-04-20,516010,29.29,2023-04-21,1,-3.70
2023-04-21,159869,24.11,2023-04-24,3,5.76
2023-04-24,516010,23.62,2023-04-26,2,3.31
2023-04-26,159747,90.87,2023-05-29,33,-3.93
2023-05-29,159659,14.81,2023-05-30,1,-0.05
2023-05-30,513300,14.76,2023-06-05,6,1.19
2023-06-05,513390,13.78,2023-06-08,3,-1.69
2023-06-08,515880,10.55,2023-06-09,1,4.09
2023-06-09,159629,32.55,2023-07-11,32,1.45
2023-07-11,159633,34.72,2023-08-07,27,-0.92
2023-08-07,512880,19.78,2023-08-08,1,-0.71
2023-08-08,510200,18.97,2023-08-21,13,-6.67
2023-08-21,159985,11.2,2023-08-22,1,-3.08
2023-08-22,510200,6.51,2023-08-23,1,-2.55
2023-08-23,159985,5.04,2023-08-24,1,0.65
2023-08-24,512570,6.45,2023-08-25,1,0.66
2023-08-25,159985,8.01,2023-09-01,7,0.51
2023-09-01,159981,8.38,2023-09-04,3,-2.16
2023-09-04,515220,7.5,2023-09-05,1,0.22
2023-09-05,159985,8.73,2023-09-06,1,1.49
2023-09-06,515220,8.18,2023-09-07,1,0.08
2023-09-07,159985,8.13,2023-09-08,1,-1.91
2023-09-08,515220,5.74,2023-09-12,4,0.49
2023-09-12,159981,8.84,2023-09-13,1,-1.57
2023-09-13,515220,8.88,2023-10-09,26,2.36
2023-10-09,562860,9.43,2023-10-12,3,0.44
2023-10-12,516080,11.49,2023-10-13,1,0.10
2023-10-13,515120,13.74,2023-10-16,3,-1.58
2023-10-16,516080,11.96,2023-10-17,1,-0.51
2023-10-17,560900,8.31,2023-10-18,1,-1.89
2023-10-18,159512,10.75,2023-11-06,19,2.46
2023-11-06,513120,16.29,2023-11-09,3,-1.97
2023-11-09,159985,8.16,2023-11-10,1,-2.30
2023-11-10,513280,7.06,2023-11-13,3,-0.98
2023-11-13,516010,8.74,2023-11-15,2,-1.31
2023-11-15,159892,12.41,2023-11-16,1,-2.45
2023-11-16,159615,11.43,2023-11-17,1,0.29
2023-11-17,513280,13.18,2023-11-20,3,0.30
2023-11-20,516010,17.22,2023-11-21,1,-0.32
2023-11-21,512980,15.37,2023-11-22,1,0.07
2023-11-22,516620,17.38,2023-11-24,2,-2.89
2023-11-24,159509,13.49,2023-11-30,6,-0.24
2023-11-30,513360,12.97,2023-12-04,4,1.99
2023-12-04,515220,11.26,2023-12-05,1,-2.51
2023-12-05,513030,7.75,2023-12-07,2,1.16
2023-12-07,516620,8.5,2023-12-08,1,-2.22
2023-12-08,513360,9.48,2023-12-11,3,-1.15
2023-12-11,513030,9.54,2023-12-12,1,-0.29
2023-12-12,516620,9.78,2023-12-14,2,-1.36
2023-12-14,513290,10.79,2024-01-11,28,6.53
2024-01-11,513520,14.67,2024-01-18,7,0.02
2024-01-18,560980,13.96,2024-01-19,1,-2.40
2024-01-19,513520,12.14,2024-01-23,4,11.45
2024-01-23,513850,23.42,2024-01-29,6,7.18
2024-01-29,159925,91.26,2024-01-31,2,-1.74
2024-01-31,159866,11.35,2024-02-01,1,-0.33
2024-02-01,159925,89.88,2024-03-06,34,9.83
2024-03-06,515880,32.62,2024-03-12,6,1.66
2024-03-12,560660,40.22,2024-03-13,1,0.06
2024-03-13,159555,32.13,2024-03-21,8,4.96
2024-03-21,516620,21.04,2024-03-25,4,-3.17
2024-03-25,159562,15.42,2024-03-28,3,1.11
2024-03-28,517520,17.08,2024-03-29,1,4.78
2024-03-29,159562,24.13,2024-04-10,12,5.85
2024-04-10,517520,19.87,2024-04-12,2,3.40
2024-04-12,159562,26.74,2024-04-15,3,-3.14
2024-04-15,517520,19.76,2024-04-16,1,-5.24
2024-04-16,518660,11.48,2024-04-17,1,-0.03
2024-04-17,159562,13.3,2024-04-22,5,-2.18
2024-04-22,560280,9.91,2024-04-23,1,-3.22
2024-04-23,159562,7.73,2024-04-24,1,2.83
2024-04-24,513050,9.66,2024-04-25,1,-0.75
2024-04-25,159562,10.68,2024-04-29,4,2.53
2024-04-29,159792,11.47,2024-04-30,1,-0.56
2024-04-30,513530,10.43,2024-05-06,6,2.21
2024-05-06,513330,16.0,2024-05-08,2,-4.97
2024-05-08,159792,14.31,2024-05-10,2,2.23
2024-05-10,513750,19.3,2024-05-13,3,1.17
2024-05-13,513530,21.51,2024-05-14,1,-3.24
2024-05-14,513750,20.92,2024-05-23,9,0.45
2024-05-23,159707,25.34,2024-05-28,5,-5.25
2024-05-28,159768,19.11,2024-05-29,1,0.48
2024-05-29,513530,15.2,2024-06-03,5,-1.40
2024-06-03,159509,11.75,2024-06-04,1,-0.73
2024-06-04,513910,10.16,2024-06-05,1,-1.86
2024-06-05,159509,11.81,2024-07-04,29,12.33
2024-07-04,159300,246.05,2024-07-23,19,0.73
2024-07-23,159502,7.76,2024-07-31,8,-0.78
2024-07-31,588890,10.21,2024-08-02,2,-3.72
2024-08-02,512660,7.54,2024-08-05,3,-3.22
2024-08-05,516730,9.5,2024-08-06,1,-1.00
2024-08-06,517380,10.48,2024-08-09,3,-0.91
2024-08-09,516980,5.41,2024-08-12,3,0.33
2024-08-12,512200,180.9,2024-09-02,21,-4.67
2024-09-02,510580,290.74,2024-10-09,37,27.02
2024-10-09,516160,312.03,2024-10-23,14,2.06
2024-10-23,563330,284.64,2024-11-11,19,7.90
2024-11-11,516300,179.06,2024-11-25,14,-7.47
2024-11-25,159518,13.84,2024-11-26,1,-1.76
2024-11-26,159529,17.6,2024-12-10,14,1.64
2024-12-10,159526,10.94,2024-12-11,1,-2.21
2024-12-11,159529,13.09,2024-12-12,1,0.38
2024-12-12,159855,14.57,2024-12-17,5,-4.25
2024-12-17,159529,18.9,2024-12-24,7,3.38
2024-12-24,562820,13.87,2024-12-25,1,0.01
2024-12-25,159333,16.24,2024-12-27,2,-5.04
2024-12-27,159660,12.08,2024-12-30,3,-1.67
2024-12-30,159529,12.5,2025-01-03,4,-6.71
2025-01-03,159830,8.66,2025-01-06,3,-0.58
2025-01-06,159529,16.08,2025-01-10,4,17.38
2025-01-10,159830,7.82,2025-01-13,3,0.22
2025-01-13,159529,22.33,2025-01-15,2,-3.50
2025-01-15,159518,23.52,2025-01-16,1,-0.05
2025-01-16,513350,25.43,2025-01-20,4,-1.18
2025-01-20,159561,31.59,2025-01-21,1,-0.05
2025-01-21,159687,32.43,2025-01-22,1,-0.05
2025-01-22,159561,44.73,2025-01-24,2,7.54
2025-01-24,520830,29.99,2025-01-27,3,-10.05
2025-01-27,159561,62.04,2025-02-07,11,-21.98
2025-02-07,513560,32.6,2025-02-10,3,-8.52
2025-02-10,562570,31.39,2025-02-11,1,-1.88
2025-02-11,159586,30.31,2025-02-12,1,2.91
2025-02-12,159899,31.5,2025-02-13,1,-1.88
2025-02-13,516620,35.41,2025-02-14,1,0.04
2025-02-14,516770,40.14,2025-02-17,3,-2.10
2025-02-17,159869,41.02,2025-02-18,1,-3.66
2025-02-18,513770,40.81,2025-02-21,3,2.92
2025-02-21,517390,42.34,2025-02-24,3,-2.83
2025-02-24,159750,42.48,2025-02-26,2,-0.40
2025-02-26,513980,37.17,2025-02-27,1,-0.69
2025-02-27,513020,38.59,2025-03-03,4,-6.74
2025-03-03,513980,28.11,2025-03-06,3,6.75
2025-03-06,513770,27.06,2025-03-10,4,-3.16
2025-03-10,510100,104.6,2025-04-08,29,-3.69
2025-04-08,159393,263.41,2025-04-29,21,3.49
2025-04-29,518680,12.12,2025-05-08,9,0.51
2025-05-08,159388,22.15,2025-05-09,1,-2.08
2025-05-09,513030,19.21,2025-05-12,3,1.66
2025-05-12,159552,27.96,2025-05-14,2,-3.75
2025-05-14,159822,19.87,2025-05-16,2,-5.21
2025-05-16,513730,14.89,2025-05-19,3,-1.42
2025-05-19,159822,15.77,2025-05-20,1,-0.05
2025-05-20,159552,17.51,2025-05-21,1,-0.74
2025-05-21,520600,16.65,2025-05-22,1,0.19
2025-05-22,159323,16.11,2025-05-23,1,0.18
2025-05-23,159501,14.49,2025-05-26,3,0.30
2025-05-26,513390,11.44,2025-05-27,1,0.36
2025-05-27,159509,13.16,2025-05-28,1,1.07
2025-05-28,159529,11.48,2025-05-29,1,0.07
2025-05-29,513750,12.55,2025-06-04,6,1.29
2025-06-04,513780,15.6,2025-06-11,7,8.55
2025-06-11,513120,32.73,2025-06-12,1,4.91
2025-06-12,520700,38.41,2025-06-17,5,-8.46
2025-06-17,513120,23.27,2025-06-18,1,0.31
2025-06-18,513780,18.03,2025-06-19,1,-3.43
2025-06-19,513120,11.98,2025-06-20,1,0.22
2025-06-20,513780,13.65,2025-06-23,3,3.15
2025-06-23,159570,17.1,2025-06-25,2,3.04
2025-06-25,516100,24.14,2025-06-27,2,-1.29
2025-06-27,513090,17.63,2025-07-01,4,-0.10
2025-07-01,515880,17.89,2025-07-02,1,-2.39
2025-07-02,513090,14.04,2025-07-09,7,6.49
2025-07-09,516100,15.99,2025-07-10,1,-0.20
2025-07-10,513090,18.75,2025-07-25,15,14.24
2025-07-25,589300,28.42,2025-07-28,3,-14.05
2025-07-28,513090,26.53,2025-07-30,2,-2.06
2025-07-30,520700,27.19,2025-07-31,1,0.06
2025-07-31,520500,22.3,2025-08-01,1,-1.31
2025-08-01,515880,20.15,2025-08-05,4,2.39
2025-08-05,520500,25.81,2025-08-08,3,-4.00
2025-08-08,515880,19.11,2025-08-15,7,10.43
2025-08-15,588070,26.0,2025-08-18,3,-4.88
2025-08-18,515880,24.43,2025-08-22,4,7.23
2025-08-22,588780,37.63,2025-08-25,3,-1.51
2025-08-25,515880,39.84,2025-08-26,1,-2.15
2025-08-26,515980,32.34,2025-08-28,2,10.80
2025-08-28,588990,48.02,2025-08-29,1,-7.88
2025-08-29,515880,48.17,2025-09-08,10,-6.27
2025-09-08,562880,38.28,2025-09-09,1,-1.90
2025-09-09,561910,36.07,2025-09-10,1,-1.70
2025-09-10,562880,31.89,2025-09-11,1,2.68
2025-09-11,515880,39.74,2025-09-15,4,-4.50
2025-09-15,561160,32.21,2025-09-16,1,1.15
2025-09-16,561910,32.63,2025-09-18,2,1.54
2025-09-18,562880,36.74,2025-09-24,6,4.76
2025-09-24,561160,39.59,2025-09-29,5,4.14
2025-09-29,561910,34.98,2025-09-30,1,2.43
2025-09-30,562880,39.25,2025-10-09,9,0.40
2025-10-09,561160,35.71,2025-10-10,1,-7.48
2025-10-10,159558,34.88,2025-10-14,4,-3.48
2025-10-14,159327,23.18,2025-10-15,1,-0.89
2025-10-15,588170,26.18,2025-10-16,1,-1.43
2025-10-16,562590,24.62,2025-10-17,1,-4.13
2025-10-17,159934,27.48,2025-10-27,10,-6.99
2025-10-27,513310,20.28,2025-10-29,2,3.71
2025-10-29,560860,22.31,2025-10-30,1,0.56
2025-10-30,561800,22.38,2025-10-31,1,-2.97
2025-10-31,513880,21.95,2025-11-03,3,1.76
2025-11-03,513310,26.44,2025-11-05,2,-8.21
2025-11-05,515220,15.15,2025-11-07,2,0.68
2025-11-07,159618,15.63,2025-11-10,3,-0.40
2025-11-10,159857,17.54,2025-11-11,1,-0.49
2025-11-11,513310,16.44,2025-11-12,1,-0.64
2025-11-12,159660,13.65,2025-11-14,2,0.76
2025-11-14,561910,16.82,2025-11-17,3,0.85
2025-11-17,588830,16.44,2025-11-18,1,-3.21
2025-11-18,589960,11.38,2025-11-19,1,-1.80
2025-11-19,159870,12.85,2025-11-20,1,-1.60
2025-11-20,561800,10.34,2025-11-21,1,-7.44
2025-11-21,513290,7.45,2025-11-27,6,9.35
2025-11-27,159502,15.16,2025-12-03,6,-4.04
2025-12-03,513290,12.72,2025-12-04,1,2.46
2025-12-04,159502,15.41,2025-12-09,5,-0.79
2025-12-09,159583,19.22,2025-12-15,6,-2.94
2025-12-15,159206,17.4,2025-12-17,2,-1.57
2025-12-17,159583,19.12,2025-12-18,1,-1.10
2025-12-18,159206,22.09,2025-12-22,4,1.73
2025-12-22,159583,29.2,2025-12-24,2,0.57
2025-12-24,159206,24.4,2025-12-26,2,9.72
2025-12-26,563530,33.03,2025-12-31,5,8.15
2025-12-31,159218,44.95,2026-01-06,6,10.53
2026-01-06,563530,52.96,2026-01-07,1,-1.80
2026-01-07,159218,48.08,2026-01-08,1,5.13
2026-01-08,563230,56.42,2026-01-12,4,16.78
2026-01-12,159218,77.69,2026-01-14,2,-5.61
2026-01-14,563230,62.0,2026-01-20,6,-12.21
2026-01-20,512630,36.64,2026-01-21,1,-0.91
2026-01-21,563230,33.55,2026-01-22,1,3.41
2026-01-22,512630,44.55,2026-01-23,1,9.64
2026-01-23,563230,50.86,2026-01-26,3,-8.20
2026-01-26,517400,39.01,2026-01-29,3,10.28
2026-01-29,159321,56.47,2026-01-30,1,-10.04
2026-01-30,513310,45.09,2026-02-02,3,-10.05
2026-02-02,159100,23.85,2026-02-03,1,1.10
2026-02-03,513310,23.77,2026-02-04,1,-1.23
2026-02-04,517520,23.39,2026-02-05,1,-5.29
2026-02-05,159321,17.64,2026-02-06,1,-0.10
2026-02-06,159100,18.71,2026-02-26,20,10.67
2026-02-26,513310,35.41,2026-03-02,4,-5.09
2026-03-02,159309,30.77,2026-03-03,1,9.93
2026-03-03,513350,40.53,2026-03-12,9,-9.42
2026-03-12,159981,25.39,2026-03-20,8,2.23
2026-03-20,513350,30.8,2026-03-30,10,13.82
2026-03-30,159518,30.92,2026-03-31,1,-5.39
2026-03-31,159981,22.51,2026-04-01,1,-6.62
2026-04-01,520500,21.2,2026-04-02,1,-0.46
2026-04-02,159981,20.24,2026-04-07,5,5.07
2026-04-07,159303,14.91,2026-04-08,1,-7.74
2026-04-08,159981,11.04,2026-04-09,1,1.35
2026-04-09,159518,11.73,2026-04-10,1,-2.42
2026-04-10,515880,12.32,2026-04-13,3,-0.54
2026-04-13,159583,13.15,2026-04-14,1,1.57
2026-04-14,515880,14.83,2026-04-15,1,-1.58
2026-04-15,159583,19.35,2026-04-16,1,3.31
2026-04-16,515880,18.24,2026-04-24,8,5.88
2026-04-24,515050,25.11,2026-04-30,6,0.19
2026-04-30,589130,32.73,2026-05-07,7,5.65
2026-05-07,513310,49.66,2026-05-19,12,5.21
2026-05-19,588170,46.49,2026-05-20,1,6.62
2026-05-20,589020,56.78,2026-05-21,1,-7.43
2026-05-21,513310,49.16,2026-06-04,14,6.15
2026-06-04,589020,23.0,2026-06-08,4,-6.59
2026-06-08,588850,11.36,2026-06-09,1,2.22
2026-06-09,159811,15.29,2026-06-10,1,-3.56
2026-06-10,588170,11.87,2026-06-11,1,5.85
2026-06-11,560780,19.03,2026-06-15,4,2.05
2026-06-15,513520,19.11,2026-06-18,3,3.17
2026-06-18,159259,28.71,2026-06-23,5,-2.08
2026-06-23,589020,18.84,2026-06-25,2,8.03
2026-06-25,588170,36.32,2026-06-26,1,3.21
2026-06-26,589020,38.74,2026-06-29,3,9.59
2026-06-29,588710,62.2,2026-06-30,1,3.73
2026-06-30,589020,81.39,2026-07-15,15,-19.17
2026-07-15,589720,31.4,2026-07-16,1,-1.45
2026-07-16,589120,30.74,2026-07-17,1,-8.88
2026-07-17,517380,16.04,2026-07-20,3,4.12
2026-07-20,589120,20.39,2026-07-21,1,1.57
2026-07-21,520500,20.31,2026-07-22,1,1.22
2026-07-22,513350,18.05,2026-07-24,2,1.12
2026-07-24,520500,18.96,2026-07-27,3,0.24
2026-07-27,159562,13.98,2026-07-28,1,-1.85
2026-07-28,517520,14.08,2026-07-29,1,1.50
2026-07-29,520630,18.44,(持有至末),,0.00
